file,bytes,sha256
Inkpad.spec,1298,91682e44d9fd826b2f71c5e34281aced4d03c5535003fac25bb6db0b88b9c498
dist-web/assets/index-DZynoaPT.css,93504,27de26e5dd20b9659259a0767c310c2486961c2577fe8f2255f8dd84b625c163
dist-web/index.html,47783,b16d1a448428f084513359c183385af87e2e7c89bc26bcefd95e1507044eff13
js/app.js,213784,55bc63faf225c0c3f1e75dcf215d12d9e43e0575a387a05a02d0fe51f0becd31
js/block-editor.js,59444,febe3a3ba18dd50f0caadb54cb4244c3581b1601288c6fed9aac68547b9954d7
js/exporter.js,25340,510eac8547270768778a388ea8cf7443c0eddb5aee96a6301dadd6a5a40db085
js/flow.js,12568,d1fd0476bea2c097db9e9604aa6e6d1ef404e518f2adb79b55fe86d1ed8fa35e
js/icons.js,7988,e40b9a9ac3510646eaa429beaa876208e79ecf4098afb1fb282eb6453e491860
js/json-cm.js,2067,96b6f53730293680d5e95f99b54180523e507262b6eaf36fae67e6e31419d872
js/md.js,10890,69ec6949a971ce8ba1ea667e2b10286db0ae7a157dac007dfa8faa7bbbcd69ad
js/mind.js,10987,66e34e89d9d6865d3c63392286efe4f31076bb781e0624256d451db4dc703af0
js/note.js,9690,de30fe6fd5f6556765df4effff47ca34e7b7d40d23602de55d77563681899a0d
js/vendor-bundle.js,5016729,39111ade4646a4f021e56a748aeb4269d75e68df593581dde665fb374a85827c
package.json,837,8528efe27539e52cd3122808654337f615fba32a38725e8d407ee9485d0b3dd9
src-app/01-core.js,6063,59d5aee1269abc080399026005fa64bb7b5fbe0c55a312603e4767c867d1ad85
src-app/02-rich-outline.js,9835,a4a9d43f2442ad6873c0479749b6fe5ff8ade6f176e91141167af9dfe6670a13
src-app/03-rich-bubble.js,22251,87edf70304ed601c4606d89f7b44416f3f8aebb10bcc907091793a9132f2017c
src-app/04-editor-init.js,3049,a398b3ca5a854c1c971028dbd42bbd7dcb1d86a4bb4e8ac71e2e6c1f08841738
src-app/05-store.js,4377,f9bb55ae7fde71af8e316ec181fe40aa95e2cbd9237620425588e76204e93d0a
src-app/06-doc-list.js,4192,9c25df5994625ff1e1d0587465b9ab70720978a56a78dd3b50ea86d8fa0236c5
src-app/07-doc-open.js,9826,3757e558b2594bd12ee09f50aff65e53a506bfecb9f0c2e546e3bfd744ae5fc1
src-app/08-visual.js,7756,e00a8ab95474ec4a8483edb58645196da4e56df6d09a5a5b89c610a94ede4561
src-app/09-rich-save.js,13617,ab7eecaccca6944d4cdb6b7235117a65886c8d1d4758f813af8d8367d86cc2ad
src-app/10-status-preview.js,9489,9f76edaa9bb6f390be33b2f57273acc46af3976f95c0af1d82f4ab4996807b41
src-app/11-format-tools.js,28549,ce563ddf3b434606867d9b8c447f7fcf98ce45a31545114e72d36fc228c9c44b
src-app/12-snippet-clip.js,7889,7c10f9e9809b0a841da26c8c819191075f168315fd2558f5639c9a3768663447
src-app/13-api-path.js,3657,fe974fe07394a2cc4447f319ba84505f86739f5e4e60de10cad3d64f6c8ca835
src-app/14-filetree-image.js,9450,c82fc4cd1f4546adf42e9a1a93c1840f3d3d4c77ca1e3b978aa1d4e512fb3bc1
src-app/15-insert.js,17800,b5ce7cb3d5fe472eddf65da81f0e60ff72427d0b5fa8b7d0f3a5df932b157792
src-app/16-doc-ops.js,7312,fd9d0555ec8deb7930951e9e3cb0c11c7640ee7a2b13a6c137832e207f2bbbf7
src-app/17-events.js,30915,2bc14430abc467f70448ab40f6c917b89c0e701060f5afc072c06bb8c1496f73
src-app/18-bootstrap.js,4470,ee73ef8aeb6606b0569499d61eda975bad123d87ffd4a97c715ad9d62a22279c
src-app/19-find-replace.js,42839,779e213ce7c4adcc27d7ca0282bbda846d743926bbdf2f1479d16d1901141033
src-app/20-craft-init.js,6789,bd76c82a497e8eecd8696475ecf9413b9dd26eb720da5405248919cc416d6279
src-vendor/main.js,2583,b22352c0acda983da953747f3b22a95ff2a2b4526c6fdba4a204983cf39c6ac1
tests/e2e/dist-web.test.js,8103,7d548cbc62e29aa42f393e328b4ab562cce7f122b108848e224125cc7ffdfbaa
tests/e2e/smoke.test.js,7001,6b9f647c4fa6ed69e984516080ab7427f19b0fc860257ac2d2c65af4929e8f96
tests/e2e/vendor.test.js,7408,c26ea4cf43e897cf279f35e86b6e9df1a2c3f50aec603250d84fd7e02204d95c
tests/helpers/cdp.js,2299,889af903b987c62c5cce58abaa162724e2f87db80481c7ea5c8da4ce226452b3
tests/helpers/extract-fn.js,3793,493ea711e5a46045c0d92c4b094d61f7652239c676b79b9ac85ae6ce2957f859
tests/helpers/static-server.js,1649,03a50c3fd5ae44ae519de4b6fd5f5aa621e8716e7efa2f43c3920a348e863e66
tests/unit/pure-fns.test.js,5142,0a7173d3a650aaf04158c7da4700f8b62fd57bcabd52f81b369e6bc2c6146e5f
tools/analyze-deps.js,3417,3ea7fb0d3e6d40212b7ba61b471832cafdc8a68baaad01d622c10b09f71709d6
tools/build-app.js,2019,9a78407bf207db2aa4aa26ba3df7036d5a6c54b55fa98d5fc860cf5fb9afb35d
tools/build-vendor.js,1055,12b48113812ce29f3e7251711605926e5782ce8e27a2833bb984d4775359a4f6
tools/esm-migrate.js,5193,9b1c2ba369e46dfcbe166297c6f2f56000d4ed21a4fe1ab17e033fac596f499d
tools/esm-state-refactor.js,4318,98175db11d4cddf159790bf77dc045b171f9b52c243e03ed604fc20ba51d3b25
tools/lib-lex.js,7497,30c0907b6f6de90e26865e2ef8c9a40aef923de067766efc7408c51996e83ea1
tools/refactor-rename.js,4815,9ea3da2521d61560078e8adf9c28e411086c6e6cda52a5b6ea6f48b42ba2b414
tools/split-css.js,1837,5d6c388644d7b6e99e2c8556aa641db5eb9df26629239ded26910059bc37c1d3
tools/vite-plugin-inkpad.js,2730,6ae40256bfa2968436cf3d9478ec1c41a631ea2f1d452d7b09cd71aa2773254e
vite.config.js,1308,ac4f0aa207471805773dbca31beeb0d3b5eea0213b81f8f9c1c838e471dcad03
vitest.config.js,571,af3bc05ba3b88b59d903211bc2236f0a301e90c430b540aec9a072c21ae9f736
